<?xml version = '1.0' encoding = 'UTF-8'?>
<Table class="oracle.dbtools.crest.model.design.relational.Table" directorySegmentName="seg_0" id="049896D2-9A36-0B19-D593-A58DA98C583D" name="DETALLE_VENTA">
<createdBy>rodrigo</createdBy>
<createdTime>2026-02-11 00:46:29 UTC</createdTime>
<generatorID>9936A92E-534A-182E-6EA7-190A2330F86C</generatorID>
<ownerDesignName>logical</ownerDesignName>
<allowColumnReorder>false</allowColumnReorder>
<existDependencyGenerateInDDl>true</existDependencyGenerateInDDl>
<parsed>true</parsed>
<columns itemClass="oracle.dbtools.crest.model.design.relational.Column">
<Column name="cantidad" id="FF0EFB21-2E41-6991-CF5E-DE64B755331B">
<createdBy>rodrigo</createdBy>
<createdTime>2026-02-11 00:46:29 UTC</createdTime>
<generatorID>19DC4A95-925A-A9AB-8EAA-29243B7A1A5C</generatorID>
<ownerDesignName>logical</ownerDesignName>
<useDomainConstraints>false</useDomainConstraints>
<use>1</use>
<logicalDatatype>LOGDT011</logicalDatatype>
<ownDataTypeParameters>,,</ownDataTypeParameters>
<autoIncrementCycle>false</autoIncrementCycle>
</Column>
<Column name="precio_unitario" id="673F10B6-0ADC-3F89-0C42-F69F52B2D33B">
<createdBy>rodrigo</createdBy>
<createdTime>2026-02-11 00:46:29 UTC</createdTime>
<generatorID>8FF0D0E5-0724-0B6E-6057-BDE5DA79E072</generatorID>
<ownerDesignName>logical</ownerDesignName>
<useDomainConstraints>false</useDomainConstraints>
<use>1</use>
<logicalDatatype>LOGDT011</logicalDatatype>
<ownDataTypeParameters>,,</ownDataTypeParameters>
<autoIncrementCycle>false</autoIncrementCycle>
</Column>
<Column name="VENTA_numero_boleta" id="EFEE1C7E-8BDA-4AA6-585F-3EAC8B2EAB12">
<createdBy>rodrigo</createdBy>
<createdTime>2026-02-11 00:46:29 UTC</createdTime>
<generatorID>EAC6F7FF-549D-6A49-9D0C-EE665A2909E2</generatorID>
<ownerDesignName>logical</ownerDesignName>
<useDomainConstraints>false</useDomainConstraints>
<use>1</use>
<logicalDatatype>LOGDT011</logicalDatatype>
<ownDataTypeParameters>,,</ownDataTypeParameters>
<previousColumn>false</previousColumn>
<autoIncrementCycle>false</autoIncrementCycle>
<associations>
<colAssociation fkAssociation="EB63FC10-784B-0203-96BE-09A329805006" referredColumn="94CD809E-0E00-3225-584B-609815097910"/>
</associations>
</Column>
<Column name="PRODUCTO_codigo" id="82E3B94C-5612-6A86-318F-946CE9E1D9FB">
<createdBy>rodrigo</createdBy>
<createdTime>2026-02-11 00:46:29 UTC</createdTime>
<generatorID>62DE0357-FDA6-80B4-02FF-FB0FF3BBC771</generatorID>
<ownerDesignName>logical</ownerDesignName>
<useDomainConstraints>false</useDomainConstraints>
<use>1</use>
<logicalDatatype>LOGDT011</logicalDatatype>
<ownDataTypeParameters>,,</ownDataTypeParameters>
<previousColumn>false</previousColumn>
<autoIncrementCycle>false</autoIncrementCycle>
<associations>
<colAssociation fkAssociation="4F9CD786-CBEE-EA24-0E2A-B0E65EA7D6B3" referredColumn="9B46DF41-11C0-3B7D-524C-07C8D4C3151E"/>
</associations>
</Column>
<Column name="PRODUCTO_SUCURSAL_id_sucursal" id="25BEC21D-EAE8-13D7-3C08-42176945B210">
<createdBy>rodrigo</createdBy>
<createdTime>2026-02-11 00:46:29 UTC</createdTime>
<generatorID>7AD38493-AE8A-938D-9813-B9F3AC1AB2D8</generatorID>
<ownerDesignName>logical</ownerDesignName>
<useDomainConstraints>false</useDomainConstraints>
<use>1</use>
<logicalDatatype>LOGDT011</logicalDatatype>
<ownDataTypeParameters>,,</ownDataTypeParameters>
<previousColumn>false</previousColumn>
<autoIncrementCycle>false</autoIncrementCycle>
<associations>
<colAssociation fkAssociation="4F9CD786-CBEE-EA24-0E2A-B0E65EA7D6B3" referredColumn="A76A7425-4BB9-5B47-D029-C8015C423253"/>
</associations>
</Column>
</columns>
<indexes itemClass="oracle.dbtools.crest.model.design.relational.Index">
<ind_PK_UK id="A3A6FDEA-922C-B076-2253-0C0C6B3598E0" name="DETALLE_VENTA_PK">
<createdBy>rodrigo</createdBy>
<createdTime>2026-02-11 00:46:29 UTC</createdTime>
<generatorID>43174508-19E2-A1EE-A015-26BD1FE3970D</generatorID>
<ownerDesignName>logical</ownerDesignName>
<pk>true</pk>
<indexState>Primary Constraint</indexState>
<isSurrogateKey>false</isSurrogateKey>
<indexColumnUsage>
<colUsage columnID="EFEE1C7E-8BDA-4AA6-585F-3EAC8B2EAB12"/>
<colUsage columnID="82E3B94C-5612-6A86-318F-946CE9E1D9FB"/>
<colUsage columnID="25BEC21D-EAE8-13D7-3C08-42176945B210"/>
</indexColumnUsage>
</ind_PK_UK>
<ind_PK_UK id="2610BA20-21C6-BEC0-90A8-8DE8EAA13135" name="DETALLE_VENTA_VENTA_FK">
<createdBy>rodrigo</createdBy>
<createdTime>2026-02-11 00:46:29 UTC</createdTime>
<generatorID>2B9A8F04-8D90-5479-E7B5-105CD9F85BC3</generatorID>
<ownerDesignName>logical</ownerDesignName>
<indexState>Foreign Key</indexState>
<isSurrogateKey>false</isSurrogateKey>
<indexColumnUsage>
<colUsage columnID="EFEE1C7E-8BDA-4AA6-585F-3EAC8B2EAB12"/>
</indexColumnUsage>
</ind_PK_UK>
<ind_PK_UK id="7DBF6FA2-B5BB-562A-95C9-3816A053CBFD" name="DETALLE_VENTA_PRODUCTO_FK">
<createdBy>rodrigo</createdBy>
<createdTime>2026-02-11 00:46:29 UTC</createdTime>
<generatorID>18798AF6-8D63-237C-6974-239220959245</generatorID>
<ownerDesignName>logical</ownerDesignName>
<indexState>Foreign Key</indexState>
<isSurrogateKey>false</isSurrogateKey>
<indexColumnUsage>
<colUsage columnID="82E3B94C-5612-6A86-318F-946CE9E1D9FB"/>
<colUsage columnID="25BEC21D-EAE8-13D7-3C08-42176945B210"/>
</indexColumnUsage>
</ind_PK_UK>
</indexes>
</Table>
