<?xml version = '1.0' encoding = 'UTF-8'?>
<Table class="oracle.dbtools.crest.model.design.relational.Table" directorySegmentName="seg_0" id="8AAC5C7E-B291-F794-7D46-0C427A944118" name="EMPRESA">
<createdBy>rodrigo</createdBy>
<createdTime>2026-02-11 00:46:29 UTC</createdTime>
<generatorID>730BB425-367C-9A26-2FAA-32EE7C8ACFE9</generatorID>
<ownerDesignName>logical</ownerDesignName>
<allowColumnReorder>false</allowColumnReorder>
<existDependencyGenerateInDDl>true</existDependencyGenerateInDDl>
<parsed>true</parsed>
<columns itemClass="oracle.dbtools.crest.model.design.relational.Column">
<Column name="id_proveedor" id="EB250D35-4E5A-A4A2-07D5-36D7CA4ACD12">
<createdBy>rodrigo</createdBy>
<createdTime>2026-02-11 00:46:29 UTC</createdTime>
<generatorID>059555FD-5712-0184-D2EC-7CF26FE623A0</generatorID>
<ownerDesignName>logical</ownerDesignName>
<useDomainConstraints>false</useDomainConstraints>
<use>1</use>
<logicalDatatype>LOGDT011</logicalDatatype>
<ownDataTypeParameters>,,</ownDataTypeParameters>
<autoIncrementCycle>false</autoIncrementCycle>
<associations>
<colAssociation fkAssociation="9CB13C26-6EC8-C699-B734-FB297919E323" referredColumn="F391C8A9-7A83-C9A5-47F4-21B2B0C09788"/>
</associations>
</Column>
<Column name="razon_social" id="6556D93C-C479-4C00-3A7D-D33CD3222AA8">
<createdBy>rodrigo</createdBy>
<createdTime>2026-02-11 00:46:29 UTC</createdTime>
<generatorID>E967FC5F-DDB8-FA1A-302C-2B1814EA6FF1</generatorID>
<ownerDesignName>logical</ownerDesignName>
<useDomainConstraints>false</useDomainConstraints>
<use>1</use>
<logicalDatatype>LOGDT024</logicalDatatype>
<dataTypeSize>50</dataTypeSize>
<ownDataTypeParameters>50,,</ownDataTypeParameters>
<autoIncrementCycle>false</autoIncrementCycle>
</Column>
<Column name="rut_empresa" id="D9A8CFD3-6496-E2CF-4A23-7A5AAFEC9364">
<createdBy>rodrigo</createdBy>
<createdTime>2026-02-11 00:46:29 UTC</createdTime>
<generatorID>701B5D64-79B6-BBEC-3B87-B2ABB0EBC5E6</generatorID>
<ownerDesignName>logical</ownerDesignName>
<useDomainConstraints>false</useDomainConstraints>
<use>1</use>
<logicalDatatype>LOGDT011</logicalDatatype>
<ownDataTypeParameters>,,</ownDataTypeParameters>
<autoIncrementCycle>false</autoIncrementCycle>
</Column>
</columns>
<indexes itemClass="oracle.dbtools.crest.model.design.relational.Index">
<ind_PK_UK id="8FD2BE36-06BF-4E65-31DD-E90C0F1ACCE9" name="EMPRESA_PK">
<createdBy>rodrigo</createdBy>
<createdTime>2026-02-11 00:46:29 UTC</createdTime>
<generatorID>0B7B9574-FB17-C178-6F0B-EE1D3E01EEE2</generatorID>
<ownerDesignName>logical</ownerDesignName>
<pk>true</pk>
<indexState>Primary Constraint</indexState>
<isSurrogateKey>false</isSurrogateKey>
<indexColumnUsage>
<colUsage columnID="EB250D35-4E5A-A4A2-07D5-36D7CA4ACD12"/>
</indexColumnUsage>
</ind_PK_UK>
<ind_PK_UK id="7C8CFF93-4A74-81FD-5E2C-949CD173CACD" name="EMPRESA_PROVEEDOR_FK">
<createdBy>rodrigo</createdBy>
<createdTime>2026-02-11 00:46:29 UTC</createdTime>
<generatorID>363C3276-39B6-CFD1-5ACF-6AE9357BB560</generatorID>
<ownerDesignName>logical</ownerDesignName>
<indexState>Foreign Key</indexState>
<isSurrogateKey>false</isSurrogateKey>
<indexColumnUsage>
<colUsage columnID="EB250D35-4E5A-A4A2-07D5-36D7CA4ACD12"/>
</indexColumnUsage>
</ind_PK_UK>
</indexes>
</Table>
