<?xml version = '1.0' encoding = 'UTF-8'?>
<Table class="oracle.dbtools.crest.model.design.relational.Table" directorySegmentName="seg_0" id="D6AAF0D1-974D-F112-BA5B-BE797360A3AA" name="INDIVIDUO">
<createdBy>rodrigo</createdBy>
<createdTime>2026-02-11 00:46:29 UTC</createdTime>
<generatorID>1ED49E20-AF6C-CB16-BDA4-42A63C6E7CEB</generatorID>
<ownerDesignName>logical</ownerDesignName>
<allowColumnReorder>false</allowColumnReorder>
<existDependencyGenerateInDDl>true</existDependencyGenerateInDDl>
<parsed>true</parsed>
<columns itemClass="oracle.dbtools.crest.model.design.relational.Column">
<Column name="id_proveedor" id="63521B25-D820-03DF-9C43-B4E1FC3DD4BD">
<createdBy>rodrigo</createdBy>
<createdTime>2026-02-11 00:46:29 UTC</createdTime>
<generatorID>059555FD-5712-0184-D2EC-7CF26FE623A0</generatorID>
<ownerDesignName>logical</ownerDesignName>
<useDomainConstraints>false</useDomainConstraints>
<use>1</use>
<logicalDatatype>LOGDT011</logicalDatatype>
<ownDataTypeParameters>,,</ownDataTypeParameters>
<autoIncrementCycle>false</autoIncrementCycle>
<associations>
<colAssociation fkAssociation="A89095D3-38A6-3269-5FB0-1DFDD1EEB934" referredColumn="F391C8A9-7A83-C9A5-47F4-21B2B0C09788"/>
</associations>
</Column>
<Column name="nombre" id="432D3D61-73B5-C555-39A1-B9375B952820">
<createdBy>rodrigo</createdBy>
<createdTime>2026-02-11 00:46:29 UTC</createdTime>
<generatorID>2A12CF06-313D-7BFB-AD24-1736E1FB3343</generatorID>
<ownerDesignName>logical</ownerDesignName>
<useDomainConstraints>false</useDomainConstraints>
<use>1</use>
<logicalDatatype>LOGDT024</logicalDatatype>
<dataTypeSize>50</dataTypeSize>
<ownDataTypeParameters>50,,</ownDataTypeParameters>
<autoIncrementCycle>false</autoIncrementCycle>
</Column>
<Column name="rut" id="50BB38D6-5324-C2FB-1C4B-296F195D836C">
<createdBy>rodrigo</createdBy>
<createdTime>2026-02-11 00:46:29 UTC</createdTime>
<generatorID>FACCFBA6-DCCF-D569-3B66-5B8B573575A5</generatorID>
<ownerDesignName>logical</ownerDesignName>
<useDomainConstraints>false</useDomainConstraints>
<use>1</use>
<logicalDatatype>LOGDT011</logicalDatatype>
<ownDataTypeParameters>,,</ownDataTypeParameters>
<autoIncrementCycle>false</autoIncrementCycle>
</Column>
</columns>
<indexes itemClass="oracle.dbtools.crest.model.design.relational.Index">
<ind_PK_UK id="27832BD5-CA77-1FCC-76F4-827DFA8FA6C9" name="INDIVIDUO_PK">
<createdBy>rodrigo</createdBy>
<createdTime>2026-02-11 00:46:29 UTC</createdTime>
<generatorID>0B7B9574-FB17-C178-6F0B-EE1D3E01EEE2</generatorID>
<ownerDesignName>logical</ownerDesignName>
<pk>true</pk>
<indexState>Primary Constraint</indexState>
<isSurrogateKey>false</isSurrogateKey>
<indexColumnUsage>
<colUsage columnID="63521B25-D820-03DF-9C43-B4E1FC3DD4BD"/>
</indexColumnUsage>
</ind_PK_UK>
<ind_PK_UK id="60AD6A65-D7FD-EEE0-158A-605DE35A6A73" name="INDIVIDUO_PROVEEDOR_FK">
<createdBy>rodrigo</createdBy>
<createdTime>2026-02-11 00:46:29 UTC</createdTime>
<generatorID>70011FB5-E7DB-0848-8B62-BF6C405B6496</generatorID>
<ownerDesignName>logical</ownerDesignName>
<indexState>Foreign Key</indexState>
<isSurrogateKey>false</isSurrogateKey>
<indexColumnUsage>
<colUsage columnID="63521B25-D820-03DF-9C43-B4E1FC3DD4BD"/>
</indexColumnUsage>
</ind_PK_UK>
</indexes>
</Table>
