<?xml version = '1.0' encoding = 'UTF-8'?>
<Table class="oracle.dbtools.crest.model.design.relational.Table" directorySegmentName="seg_0" id="F575C8B4-7961-E26D-FD06-70C45E3E44A5" name="SUCURSAL">
<createdBy>rodrigo</createdBy>
<createdTime>2026-02-11 00:46:29 UTC</createdTime>
<generatorID>8BA1866C-B47F-6963-D621-FF37FAC8E9DC</generatorID>
<ownerDesignName>logical</ownerDesignName>
<allowColumnReorder>false</allowColumnReorder>
<existDependencyGenerateInDDl>true</existDependencyGenerateInDDl>
<parsed>true</parsed>
<columns itemClass="oracle.dbtools.crest.model.design.relational.Column">
<Column name="id_sucursal" id="6A16016D-E474-FF24-9E96-261F7F593B5D">
<createdBy>rodrigo</createdBy>
<createdTime>2026-02-11 00:46:29 UTC</createdTime>
<generatorID>ABD487AD-9936-4845-0CCD-4883E78BAE65</generatorID>
<ownerDesignName>logical</ownerDesignName>
<useDomainConstraints>false</useDomainConstraints>
<use>1</use>
<logicalDatatype>LOGDT011</logicalDatatype>
<ownDataTypeParameters>,,</ownDataTypeParameters>
<autoIncrementCycle>false</autoIncrementCycle>
</Column>
<Column name="direccion" id="D86E5C9E-3922-51B8-BEFC-3206016C6EC9">
<createdBy>rodrigo</createdBy>
<createdTime>2026-02-11 00:46:29 UTC</createdTime>
<generatorID>C28143BB-8E51-F276-EA63-9F77967E2A92</generatorID>
<ownerDesignName>logical</ownerDesignName>
<useDomainConstraints>false</useDomainConstraints>
<use>1</use>
<logicalDatatype>LOGDT024</logicalDatatype>
<dataTypeSize>100</dataTypeSize>
<ownDataTypeParameters>100,,</ownDataTypeParameters>
<autoIncrementCycle>false</autoIncrementCycle>
</Column>
<Column name="telefono" id="58AB9E5E-004F-36A1-8AF2-18AA2105A006">
<createdBy>rodrigo</createdBy>
<createdTime>2026-02-11 00:46:29 UTC</createdTime>
<generatorID>3B27AE5A-BBAD-BD4F-F30B-1D28983C1B0C</generatorID>
<ownerDesignName>logical</ownerDesignName>
<nullsAllowed>true</nullsAllowed>
<useDomainConstraints>false</useDomainConstraints>
<use>1</use>
<logicalDatatype>LOGDT011</logicalDatatype>
<ownDataTypeParameters>,,</ownDataTypeParameters>
<autoIncrementCycle>false</autoIncrementCycle>
</Column>
<Column name="COMUNA_id_comuna" id="A636777C-96A0-39CB-962C-C7F0AA58B4FB">
<createdBy>rodrigo</createdBy>
<createdTime>2026-02-11 00:46:29 UTC</createdTime>
<generatorID>8CA1E86E-DBAE-6AC4-3B0B-D9D3216459A5</generatorID>
<ownerDesignName>logical</ownerDesignName>
<useDomainConstraints>false</useDomainConstraints>
<use>1</use>
<logicalDatatype>LOGDT011</logicalDatatype>
<ownDataTypeParameters>,,</ownDataTypeParameters>
<previousColumn>false</previousColumn>
<autoIncrementCycle>false</autoIncrementCycle>
<associations>
<colAssociation fkAssociation="59522492-2042-D4F0-61FF-2FF83F97508C" referredColumn="06B9551C-9355-4961-AB13-43BF8F74D2D9"/>
</associations>
</Column>
</columns>
<indexes itemClass="oracle.dbtools.crest.model.design.relational.Index">
<ind_PK_UK id="6BDB6AE9-42C8-3542-518A-CCDAA3F285F8" name="SUCURSAL_PK">
<createdBy>rodrigo</createdBy>
<createdTime>2026-02-11 00:46:29 UTC</createdTime>
<generatorID>FA2FDAEF-C244-A849-5E57-5B3AF04E5A64</generatorID>
<ownerDesignName>logical</ownerDesignName>
<pk>true</pk>
<indexState>Primary Constraint</indexState>
<isSurrogateKey>false</isSurrogateKey>
<indexColumnUsage>
<colUsage columnID="6A16016D-E474-FF24-9E96-261F7F593B5D"/>
</indexColumnUsage>
</ind_PK_UK>
<ind_PK_UK id="06967C3F-7EA3-A327-3F8B-89EB61D29035" name="SUCURSAL_COMUNA_FK">
<createdBy>rodrigo</createdBy>
<createdTime>2026-02-11 00:46:29 UTC</createdTime>
<generatorID>B63DDD66-636A-6B2B-1EED-54D777AD0C10</generatorID>
<ownerDesignName>logical</ownerDesignName>
<indexState>Foreign Key</indexState>
<isSurrogateKey>false</isSurrogateKey>
<indexColumnUsage>
<colUsage columnID="A636777C-96A0-39CB-962C-C7F0AA58B4FB"/>
</indexColumnUsage>
</ind_PK_UK>
</indexes>
</Table>
