<?xml version = '1.0' encoding = 'UTF-8'?>
<Diagram class="oracle.dbtools.crest.swingui.relational.DPVRelational" name="Relational_1" id="403EA5E9-1408-9537-643D-FC9E3EF60A91">
<createdBy>rodrigo</createdBy>
<modifiedBy>rodrigo</modifiedBy>
<createdTime>2026-02-11 00:44:33 UTC</createdTime>
<autoRoute>false</autoRoute>
<boxInbox>true</boxInbox>
<showLegend>false</showLegend>
<showLabels>false</showLabels>
<showRelAttributes>false</showRelAttributes>
<gridEnabled>false</gridEnabled>
<showGrid>false</showGrid>
<diagramColor>-1</diagramColor>
<display>false</display>
<notation>1</notation>
<objectViews>
<OView class="oracle.dbtools.crest.swingui.relational.TVTable" oid="049896D2-9A36-0B19-D593-A58DA98C583D" otype="Table" vid="313CE636-8939-0E84-959F-E56A08AA5057">
<hideElementsInCurrentOnly>false</hideElementsInCurrentOnly>
<bounds x="244" y="156" width="212" height="112"/>
</OView>
<OView class="oracle.dbtools.crest.swingui.relational.TVTable" oid="28A529D4-B758-1465-0B0E-5D96E3AF0580" otype="Table" vid="09DBC4C7-174D-380E-5FB2-E2DD5F0FB09E">
<hideElementsInCurrentOnly>false</hideElementsInCurrentOnly>
<bounds x="30" y="289" width="308" height="121"/>
</OView>
<OView class="oracle.dbtools.crest.swingui.relational.TVTable" oid="4230433F-7377-4204-E844-5A69CB59A501" otype="Table" vid="D8EEE1EF-DFDB-1A92-2937-4B3CA73473BB">
<hideElementsInCurrentOnly>false</hideElementsInCurrentOnly>
<bounds x="470" y="291" width="170" height="110"/>
</OView>
<OView class="oracle.dbtools.crest.swingui.relational.TVTable" oid="66B0A7DB-2A3B-DC6D-8D18-50FFFE05D3C9" otype="Table" vid="59D860B9-8EC0-33F8-82A6-40B6BC65780C">
<hideElementsInCurrentOnly>false</hideElementsInCurrentOnly>
<bounds x="454" y="25" width="228" height="178"/>
</OView>
<OView class="oracle.dbtools.crest.swingui.relational.TVTable" oid="71762FCD-ACE9-27E4-24D4-CA667D4468C2" otype="Table" vid="65CF6FBF-534B-2421-7CCF-BADA7EE7EF5B">
<hideElementsInCurrentOnly>false</hideElementsInCurrentOnly>
<bounds x="248" y="24" width="170" height="110"/>
</OView>
<OView class="oracle.dbtools.crest.swingui.relational.TVTable" oid="8AAC5C7E-B291-F794-7D46-0C427A944118" otype="Table" vid="B410E4F4-8EB1-3D7F-8F9C-74E5E8E851A5">
<hideElementsInCurrentOnly>false</hideElementsInCurrentOnly>
<bounds x="464" y="99" width="106" height="58"/>
</OView>
<OView class="oracle.dbtools.crest.swingui.relational.TVTable" oid="D6AAF0D1-974D-F112-BA5B-BE797360A3AA" otype="Table" vid="9F75F56D-832E-15F4-2FA8-83DCC9DE9442">
<hideElementsInCurrentOnly>false</hideElementsInCurrentOnly>
<bounds x="580" y="98" width="92" height="58"/>
</OView>
<OView class="oracle.dbtools.crest.swingui.relational.TVTable" oid="E4FE141F-C507-A1BE-BAD8-47014DE11D87" otype="Table" vid="A6AF7B2F-4CCC-9B1A-1E96-85929CCC0F39">
<hideElementsInCurrentOnly>false</hideElementsInCurrentOnly>
<bounds x="24" y="23" width="170" height="110"/>
</OView>
<OView class="oracle.dbtools.crest.swingui.relational.TVTable" oid="F575C8B4-7961-E26D-FD06-70C45E3E44A5" otype="Table" vid="54EF71E8-3F74-7A7C-4139-66B78AA41238">
<hideElementsInCurrentOnly>false</hideElementsInCurrentOnly>
<bounds x="28" y="148" width="207" height="121"/>
</OView>
</objectViews>
<connectors>
<Connector class="oracle.dbtools.crest.swingui.relational.TVFKRelation" oid="4F9CD786-CBEE-EA24-0E2A-B0E65EA7D6B3" otype="FKIndexAssociation" vid_source="09DBC4C7-174D-380E-5FB2-E2DD5F0FB09E" vid_target="313CE636-8939-0E84-959F-E56A08AA5057">
<hideElementsInCurrentOnly>false</hideElementsInCurrentOnly>
<backgroundColor>-16777216</backgroundColor>
<lineWidth>1</lineWidth>
<points>
<point x="291" y="289"/>
<point x="291" y="268"/>
</points>
</Connector>
<Connector class="oracle.dbtools.crest.swingui.relational.TVFKRelation" oid="59522492-2042-D4F0-61FF-2FF83F97508C" otype="FKIndexAssociation" vid_source="A6AF7B2F-4CCC-9B1A-1E96-85929CCC0F39" vid_target="54EF71E8-3F74-7A7C-4139-66B78AA41238">
<hideElementsInCurrentOnly>false</hideElementsInCurrentOnly>
<backgroundColor>-16777216</backgroundColor>
<lineWidth>1</lineWidth>
<points>
<point x="126" y="133"/>
<point x="126" y="148"/>
</points>
</Connector>
<Connector class="oracle.dbtools.crest.swingui.relational.TVFKRelation" oid="9CB13C26-6EC8-C699-B734-FB297919E323" otype="FKIndexAssociation" vid_source="59D860B9-8EC0-33F8-82A6-40B6BC65780C" vid_target="B410E4F4-8EB1-3D7F-8F9C-74E5E8E851A5">
<hideElementsInCurrentOnly>false</hideElementsInCurrentOnly>
<backgroundColor>-16777216</backgroundColor>
<lineWidth>1</lineWidth>
<points>
<point x="682" y="128"/>
<point x="464" y="128"/>
</points>
</Connector>
<Connector class="oracle.dbtools.crest.swingui.relational.TVFKRelation" oid="9E61EA69-CDC3-BD9D-1235-272106F16474" otype="FKIndexAssociation" vid_source="54EF71E8-3F74-7A7C-4139-66B78AA41238" vid_target="09DBC4C7-174D-380E-5FB2-E2DD5F0FB09E">
<hideElementsInCurrentOnly>false</hideElementsInCurrentOnly>
<backgroundColor>-16777216</backgroundColor>
<lineWidth>1</lineWidth>
<points>
<point x="132" y="269"/>
<point x="132" y="289"/>
</points>
</Connector>
<Connector class="oracle.dbtools.crest.swingui.relational.TVFKRelation" oid="A89095D3-38A6-3269-5FB0-1DFDD1EEB934" otype="FKIndexAssociation" vid_source="59D860B9-8EC0-33F8-82A6-40B6BC65780C" vid_target="9F75F56D-832E-15F4-2FA8-83DCC9DE9442">
<hideElementsInCurrentOnly>false</hideElementsInCurrentOnly>
<backgroundColor>-16777216</backgroundColor>
<lineWidth>1</lineWidth>
<points>
<point x="682" y="142"/>
<point x="580" y="142"/>
</points>
</Connector>
<Connector class="oracle.dbtools.crest.swingui.relational.TVFKRelation" oid="EB63FC10-784B-0203-96BE-09A329805006" otype="FKIndexAssociation" vid_source="65CF6FBF-534B-2421-7CCF-BADA7EE7EF5B" vid_target="313CE636-8939-0E84-959F-E56A08AA5057">
<hideElementsInCurrentOnly>false</hideElementsInCurrentOnly>
<backgroundColor>-16777216</backgroundColor>
<lineWidth>1</lineWidth>
<points>
<point x="348" y="134"/>
<point x="348" y="156"/>
</points>
</Connector>
</connectors>
<arcs>
<Arc class="oracle.dbtools.crest.swingui.relational.TVFKArc" oid="95AE4D54-EB24-4045-938D-2B4A97AB3515" otype="FKArc" vid="D386DA80-EC5B-1FC4-9F26-477FB7932426">
<hideElementsInCurrentOnly>false</hideElementsInCurrentOnly>
<bounds x="434" y="5" width="268" height="218"/>
</Arc>
</arcs>
</Diagram>
