<?xml version = '1.0' encoding = 'UTF-8'?>
<FKArc class="oracle.dbtools.crest.model.design.relational.FKArc" directorySegmentName="seg_0" id="95AE4D54-EB24-4045-938D-2B4A97AB3515" name="FKArc_1">
<createdBy>rodrigo</createdBy>
<createdTime>2026-02-11 00:46:29 UTC</createdTime>
<ownerDesignName>logical</ownerDesignName>
<mandatory>false</mandatory>
<reverseArc>true</reverseArc>
<table>66B0A7DB-2A3B-DC6D-8D18-50FFFE05D3C9</table>
<fkeys>
<fkeyID>9CB13C26-6EC8-C699-B734-FB297919E323</fkeyID>
<fkeyID>A89095D3-38A6-3269-5FB0-1DFDD1EEB934</fkeyID>
</fkeys>
</FKArc>
