<?xml version = '1.0' encoding = 'UTF-8'?>
<Entity class="oracle.dbtools.crest.model.design.logical.Entity" directorySegmentName="seg_0" id="2D67082B-33AC-1916-290D-E87ED6494BFB" name="PRODUCTO">
<createdBy>rodrigo</createdBy>
<createdTime>2026-02-10 23:27:06 UTC</createdTime>
<ownerDesignName>logical</ownerDesignName>
<engineerTo>
<item key="BBC6637D-FE3D-2789-392A-2CB8954DE012" value="true"/>
</engineerTo>
<adequatelyNormalized>NO</adequatelyNormalized>
<expectedVolumes>0</expectedVolumes>
<fwdEngineeringStrategyName>Single Table</fwdEngineeringStrategyName>
<growthPercent>0</growthPercent>
<growthType>Year</growthType>
<maxVolumes>9999999</maxVolumes>
<minVolumes>0</minVolumes>
<normalForm>Third</normalForm>
<attributes itemClass="oracle.dbtools.crest.model.design.logical.Attribute">
<Attribute name="codigo" id="3AFF0483-6DD8-782C-032F-6AB18AED9874">
<createdBy>rodrigo</createdBy>
<createdTime>2026-02-10 23:27:20 UTC</createdTime>
<ownerDesignName>logical</ownerDesignName>
<engineerTo>
<item key="BBC6637D-FE3D-2789-392A-2CB8954DE012" value="true"/>
</engineerTo>
<useDomainConstraints>false</useDomainConstraints>
<use>1</use>
<logicalDatatype>LOGDT011</logicalDatatype>
<ownDataTypeParameters>,,</ownDataTypeParameters>
</Attribute>
<Attribute name="nombre" id="8C38699B-418C-5873-9BC9-C714645BF4A8">
<createdBy>rodrigo</createdBy>
<createdTime>2026-02-10 23:27:48 UTC</createdTime>
<ownerDesignName>logical</ownerDesignName>
<engineerTo>
<item key="BBC6637D-FE3D-2789-392A-2CB8954DE012" value="true"/>
</engineerTo>
<useDomainConstraints>false</useDomainConstraints>
<use>1</use>
<logicalDatatype>LOGDT024</logicalDatatype>
<dataTypeSize>50</dataTypeSize>
<ownDataTypeParameters>50,,</ownDataTypeParameters>
</Attribute>
<Attribute name="precio" id="1C95F909-D7A7-E7DA-D226-2A8E174124CE">
<createdBy>rodrigo</createdBy>
<createdTime>2026-02-10 23:28:07 UTC</createdTime>
<ownerDesignName>logical</ownerDesignName>
<engineerTo>
<item key="BBC6637D-FE3D-2789-392A-2CB8954DE012" value="true"/>
</engineerTo>
<useDomainConstraints>false</useDomainConstraints>
<use>1</use>
<logicalDatatype>LOGDT011</logicalDatatype>
<ownDataTypeParameters>,,</ownDataTypeParameters>
</Attribute>
<Attribute name="id_sucursal" id="9B0B326B-ECF2-EFD3-5544-AFAC9ED4C525">
<createdBy>rodrigo</createdBy>
<createdTime>2026-02-10 23:34:49 UTC</createdTime>
<generatorID>06793E05-34D5-25E8-FCD2-D75B5F68A44F</generatorID>
<ownerDesignName>logical</ownerDesignName>
<engineerTo>
<item key="BBC6637D-FE3D-2789-392A-2CB8954DE012" value="true"/>
</engineerTo>
<referedAttribute>ABD487AD-9936-4845-0CCD-4883E78BAE65</referedAttribute>
<useDomainConstraints>false</useDomainConstraints>
<use>1</use>
<logicalDatatype>LOGDT011</logicalDatatype>
<ownDataTypeParameters>,,</ownDataTypeParameters>
</Attribute>
</attributes>
<identifiers itemClass="oracle.dbtools.crest.model.design.logical.CandidateKey">
<identifier id="8C1E013F-2E40-9D1B-C55B-F16140EA5BC9" name="PRODUCTO PK">
<createdBy>rodrigo</createdBy>
<createdTime>2026-02-10 23:27:43 UTC</createdTime>
<ownerDesignName>logical</ownerDesignName>
<engineerTo>
<item key="BBC6637D-FE3D-2789-392A-2CB8954DE012" value="true"/>
</engineerTo>
<pk>true</pk>
<usedAttributes>
<attributeRef>3AFF0483-6DD8-782C-032F-6AB18AED9874</attributeRef>
<attributeRef>9B0B326B-ECF2-EFD3-5544-AFAC9ED4C525</attributeRef>
</usedAttributes>
</identifier>
</identifiers>
</Entity>