<?xml version = '1.0' encoding = 'UTF-8'?>
<Entity class="oracle.dbtools.crest.model.design.logical.Entity" directorySegmentName="seg_0" id="657AE82B-2920-5A65-5AE5-A8809B5EBC54" name="COMUNA">
<createdBy>rodrigo</createdBy>
<createdTime>2026-02-10 23:11:34 UTC</createdTime>
<ownerDesignName>logical</ownerDesignName>
<engineerTo>
<item key="BBC6637D-FE3D-2789-392A-2CB8954DE012" value="true"/>
</engineerTo>
<adequatelyNormalized>NO</adequatelyNormalized>
<expectedVolumes>0</expectedVolumes>
<fwdEngineeringStrategyName>Single Table</fwdEngineeringStrategyName>
<growthPercent>0</growthPercent>
<growthType>Year</growthType>
<maxVolumes>9999999</maxVolumes>
<minVolumes>0</minVolumes>
<normalForm>Third</normalForm>
<attributes itemClass="oracle.dbtools.crest.model.design.logical.Attribute">
<Attribute name="id_comuna" id="C6761BA1-8B3F-A948-D110-F39C830F8EA2">
<createdBy>rodrigo</createdBy>
<createdTime>2026-02-10 23:12:03 UTC</createdTime>
<ownerDesignName>logical</ownerDesignName>
<engineerTo>
<item key="BBC6637D-FE3D-2789-392A-2CB8954DE012" value="true"/>
</engineerTo>
<useDomainConstraints>false</useDomainConstraints>
<use>1</use>
<logicalDatatype>LOGDT011</logicalDatatype>
<ownDataTypeParameters>,,</ownDataTypeParameters>
</Attribute>
<Attribute name="nombre_comuna" id="680B2B9A-3D9A-7391-024F-5DF8B20940DE">
<createdBy>rodrigo</createdBy>
<createdTime>2026-02-10 23:13:00 UTC</createdTime>
<ownerDesignName>logical</ownerDesignName>
<engineerTo>
<item key="BBC6637D-FE3D-2789-392A-2CB8954DE012" value="true"/>
</engineerTo>
<useDomainConstraints>false</useDomainConstraints>
<use>1</use>
<logicalDatatype>LOGDT024</logicalDatatype>
<dataTypeSize>50</dataTypeSize>
<ownDataTypeParameters>50,,</ownDataTypeParameters>
</Attribute>
</attributes>
<identifiers itemClass="oracle.dbtools.crest.model.design.logical.CandidateKey">
<identifier id="1C6176EC-BE86-3DB2-E9A4-7F9A1069AD4C" name="COMUNA PK">
<createdBy>rodrigo</createdBy>
<createdTime>2026-02-10 23:12:52 UTC</createdTime>
<ownerDesignName>logical</ownerDesignName>
<engineerTo>
<item key="BBC6637D-FE3D-2789-392A-2CB8954DE012" value="true"/>
</engineerTo>
<pk>true</pk>
<usedAttributes>
<attributeRef>C6761BA1-8B3F-A948-D110-F39C830F8EA2</attributeRef>
</usedAttributes>
</identifier>
</identifiers>
</Entity>