<?xml version = '1.0' encoding = 'UTF-8'?>
<Entity class="oracle.dbtools.crest.model.design.logical.Entity" directorySegmentName="seg_0" id="8BA1866C-B47F-6963-D621-FF37FAC8E9DC" name="SUCURSAL">
<createdBy>rodrigo</createdBy>
<createdTime>2026-02-10 23:14:12 UTC</createdTime>
<ownerDesignName>logical</ownerDesignName>
<engineerTo>
<item key="BBC6637D-FE3D-2789-392A-2CB8954DE012" value="true"/>
</engineerTo>
<adequatelyNormalized>NO</adequatelyNormalized>
<expectedVolumes>0</expectedVolumes>
<fwdEngineeringStrategyName>Single Table</fwdEngineeringStrategyName>
<growthPercent>0</growthPercent>
<growthType>Year</growthType>
<maxVolumes>9999999</maxVolumes>
<minVolumes>0</minVolumes>
<normalForm>Third</normalForm>
<attributes itemClass="oracle.dbtools.crest.model.design.logical.Attribute">
<Attribute name="id_sucursal" id="ABD487AD-9936-4845-0CCD-4883E78BAE65">
<createdBy>rodrigo</createdBy>
<createdTime>2026-02-10 23:14:31 UTC</createdTime>
<ownerDesignName>logical</ownerDesignName>
<engineerTo>
<item key="BBC6637D-FE3D-2789-392A-2CB8954DE012" value="true"/>
</engineerTo>
<useDomainConstraints>false</useDomainConstraints>
<use>1</use>
<logicalDatatype>LOGDT011</logicalDatatype>
<ownDataTypeParameters>,,</ownDataTypeParameters>
</Attribute>
<Attribute name="direccion" id="C28143BB-8E51-F276-EA63-9F77967E2A92">
<createdBy>rodrigo</createdBy>
<createdTime>2026-02-10 23:14:45 UTC</createdTime>
<ownerDesignName>logical</ownerDesignName>
<engineerTo>
<item key="BBC6637D-FE3D-2789-392A-2CB8954DE012" value="true"/>
</engineerTo>
<useDomainConstraints>false</useDomainConstraints>
<use>1</use>
<logicalDatatype>LOGDT024</logicalDatatype>
<dataTypeSize>100</dataTypeSize>
<ownDataTypeParameters>100,,</ownDataTypeParameters>
</Attribute>
<Attribute name="telefono" id="3B27AE5A-BBAD-BD4F-F30B-1D28983C1B0C">
<createdBy>rodrigo</createdBy>
<createdTime>2026-02-10 23:15:37 UTC</createdTime>
<ownerDesignName>logical</ownerDesignName>
<engineerTo>
<item key="BBC6637D-FE3D-2789-392A-2CB8954DE012" value="true"/>
</engineerTo>
<nullsAllowed>true</nullsAllowed>
<useDomainConstraints>false</useDomainConstraints>
<use>1</use>
<logicalDatatype>LOGDT011</logicalDatatype>
<ownDataTypeParameters>,,</ownDataTypeParameters>
</Attribute>
<Attribute name="id_comuna" id="8CA1E86E-DBAE-6AC4-3B0B-D9D3216459A5">
<createdBy>rodrigo</createdBy>
<createdTime>2026-02-10 23:32:57 UTC</createdTime>
<generatorID>B63DDD66-636A-6B2B-1EED-54D777AD0C10</generatorID>
<ownerDesignName>logical</ownerDesignName>
<engineerTo>
<item key="BBC6637D-FE3D-2789-392A-2CB8954DE012" value="true"/>
</engineerTo>
<referedAttribute>C6761BA1-8B3F-A948-D110-F39C830F8EA2</referedAttribute>
<useDomainConstraints>false</useDomainConstraints>
<use>1</use>
<logicalDatatype>LOGDT011</logicalDatatype>
<ownDataTypeParameters>,,</ownDataTypeParameters>
</Attribute>
</attributes>
<identifiers itemClass="oracle.dbtools.crest.model.design.logical.CandidateKey">
<identifier id="FA2FDAEF-C244-A849-5E57-5B3AF04E5A64" name="SUCURSAL PK">
<createdBy>rodrigo</createdBy>
<createdTime>2026-02-10 23:14:43 UTC</createdTime>
<ownerDesignName>logical</ownerDesignName>
<engineerTo>
<item key="BBC6637D-FE3D-2789-392A-2CB8954DE012" value="true"/>
</engineerTo>
<pk>true</pk>
<usedAttributes>
<attributeRef>ABD487AD-9936-4845-0CCD-4883E78BAE65</attributeRef>
</usedAttributes>
</identifier>
</identifiers>
</Entity>