<?xml version = '1.0' encoding = 'UTF-8'?>
<Entity class="oracle.dbtools.crest.model.design.logical.Entity" directorySegmentName="seg_0" id="C93C7433-688B-293F-9BCE-FA3F6117347D" name="CLIENTE">
<createdBy>rodrigo</createdBy>
<createdTime>2026-02-10 23:16:12 UTC</createdTime>
<ownerDesignName>logical</ownerDesignName>
<engineerTo>
<item key="BBC6637D-FE3D-2789-392A-2CB8954DE012" value="true"/>
</engineerTo>
<adequatelyNormalized>NO</adequatelyNormalized>
<expectedVolumes>0</expectedVolumes>
<fwdEngineeringStrategyName>Single Table</fwdEngineeringStrategyName>
<growthPercent>0</growthPercent>
<growthType>Year</growthType>
<maxVolumes>9999999</maxVolumes>
<minVolumes>0</minVolumes>
<normalForm>Third</normalForm>
<attributes itemClass="oracle.dbtools.crest.model.design.logical.Attribute">
<Attribute name="rut" id="7CBF85D4-E9F9-46BC-A00C-3F08251598FA">
<createdBy>rodrigo</createdBy>
<createdTime>2026-02-10 23:16:21 UTC</createdTime>
<ownerDesignName>logical</ownerDesignName>
<engineerTo>
<item key="BBC6637D-FE3D-2789-392A-2CB8954DE012" value="true"/>
</engineerTo>
<useDomainConstraints>false</useDomainConstraints>
<use>1</use>
<logicalDatatype>LOGDT011</logicalDatatype>
<ownDataTypeParameters>,,</ownDataTypeParameters>
</Attribute>
<Attribute name="nombres" id="E18B34F3-BFC5-6493-2176-0A6A70C9D6FA">
<createdBy>rodrigo</createdBy>
<createdTime>2026-02-10 23:17:02 UTC</createdTime>
<ownerDesignName>logical</ownerDesignName>
<engineerTo>
<item key="BBC6637D-FE3D-2789-392A-2CB8954DE012" value="true"/>
</engineerTo>
<useDomainConstraints>false</useDomainConstraints>
<use>1</use>
<logicalDatatype>LOGDT024</logicalDatatype>
<dataTypeSize>100</dataTypeSize>
<ownDataTypeParameters>100,,</ownDataTypeParameters>
</Attribute>
<Attribute name="apellidos" id="661107F0-BE0F-F1C5-B505-37DAA2F13F79">
<createdBy>rodrigo</createdBy>
<createdTime>2026-02-10 23:17:29 UTC</createdTime>
<ownerDesignName>logical</ownerDesignName>
<engineerTo>
<item key="BBC6637D-FE3D-2789-392A-2CB8954DE012" value="true"/>
</engineerTo>
<useDomainConstraints>false</useDomainConstraints>
<use>1</use>
<logicalDatatype>LOGDT024</logicalDatatype>
<dataTypeSize>50</dataTypeSize>
<ownDataTypeParameters>50,,</ownDataTypeParameters>
</Attribute>
</attributes>
<identifiers itemClass="oracle.dbtools.crest.model.design.logical.CandidateKey">
<identifier id="7D0FB20A-C383-A613-B45A-20EDF952EAD7" name="CLIENTE PK">
<createdBy>rodrigo</createdBy>
<createdTime>2026-02-10 23:16:41 UTC</createdTime>
<ownerDesignName>logical</ownerDesignName>
<engineerTo>
<item key="BBC6637D-FE3D-2789-392A-2CB8954DE012" value="true"/>
</engineerTo>
<pk>true</pk>
<usedAttributes>
<attributeRef>7CBF85D4-E9F9-46BC-A00C-3F08251598FA</attributeRef>
</usedAttributes>
</identifier>
</identifiers>
</Entity>