<?xml version = '1.0' encoding = 'UTF-8'?>
<Relation class="oracle.dbtools.crest.model.design.logical.Relation" name="Relation_2" directorySegmentName="seg_0" id="06793E05-34D5-25E8-FCD2-D75B5F68A44F">
<createdBy>rodrigo</createdBy>
<createdTime>2026-02-10 23:34:49 UTC</createdTime>
<ownerDesignName>logical</ownerDesignName>
<engineerTo>
<item key="BBC6637D-FE3D-2789-392A-2CB8954DE012" value="true"/>
</engineerTo>
<sourcePk>FA2FDAEF-C244-A849-5E57-5B3AF04E5A64</sourcePk>
<identifying>true</identifying>
<optionalSource>true</optionalSource>
<optionalTarget>false</optionalTarget>
<sourceCardinality>1</sourceCardinality>
<sourceEntity>8BA1866C-B47F-6963-D621-FF37FAC8E9DC</sourceEntity>
<targetCardinalityString>*</targetCardinalityString>
<targetEntity>2D67082B-33AC-1916-290D-E87ED6494BFB</targetEntity>
<transferable>true</transferable>
<deleteRule>NO ACTION</deleteRule>
</Relation>