<?xml version = '1.0' encoding = 'UTF-8'?>
<Relation class="oracle.dbtools.crest.model.design.logical.Relation" name="Relation_5" directorySegmentName="seg_0" id="18798AF6-8D63-237C-6974-239220959245">
<createdBy>rodrigo</createdBy>
<createdTime>2026-02-10 23:39:50 UTC</createdTime>
<ownerDesignName>logical</ownerDesignName>
<engineerTo>
<item key="BBC6637D-FE3D-2789-392A-2CB8954DE012" value="true"/>
</engineerTo>
<sourcePk>8C1E013F-2E40-9D1B-C55B-F16140EA5BC9</sourcePk>
<identifying>true</identifying>
<optionalSource>true</optionalSource>
<optionalTarget>false</optionalTarget>
<sourceCardinality>1</sourceCardinality>
<sourceEntity>2D67082B-33AC-1916-290D-E87ED6494BFB</sourceEntity>
<targetCardinalityString>*</targetCardinalityString>
<targetEntity>9936A92E-534A-182E-6EA7-190A2330F86C</targetEntity>
<transferable>true</transferable>
<deleteRule>NO ACTION</deleteRule>
</Relation>