<?xml version = '1.0' encoding = 'UTF-8'?>
<Relation class="oracle.dbtools.crest.model.design.logical.Relation" name="Relation_4" directorySegmentName="seg_0" id="2B9A8F04-8D90-5479-E7B5-105CD9F85BC3">
<createdBy>rodrigo</createdBy>
<createdTime>2026-02-10 23:39:17 UTC</createdTime>
<ownerDesignName>logical</ownerDesignName>
<engineerTo>
<item key="BBC6637D-FE3D-2789-392A-2CB8954DE012" value="true"/>
</engineerTo>
<sourcePk>0A6A5CF4-161C-A631-E412-B2CE512C9E0A</sourcePk>
<identifying>true</identifying>
<optionalSource>true</optionalSource>
<optionalTarget>false</optionalTarget>
<sourceCardinality>1</sourceCardinality>
<sourceEntity>69341809-7A37-E741-6180-843723963D6B</sourceEntity>
<targetCardinalityString>*</targetCardinalityString>
<targetEntity>9936A92E-534A-182E-6EA7-190A2330F86C</targetEntity>
<transferable>true</transferable>
<deleteRule>NO ACTION</deleteRule>
</Relation>