<?xml version = '1.0' encoding = 'UTF-8'?>
<Relation class="oracle.dbtools.crest.model.design.logical.Relation" name="Relation_1" directorySegmentName="seg_0" id="B63DDD66-636A-6B2B-1EED-54D777AD0C10">
<createdBy>rodrigo</createdBy>
<createdTime>2026-02-10 23:32:57 UTC</createdTime>
<ownerDesignName>logical</ownerDesignName>
<engineerTo>
<item key="BBC6637D-FE3D-2789-392A-2CB8954DE012" value="true"/>
</engineerTo>
<sourcePk>1C6176EC-BE86-3DB2-E9A4-7F9A1069AD4C</sourcePk>
<identifying>false</identifying>
<optionalSource>true</optionalSource>
<optionalTarget>false</optionalTarget>
<sourceCardinality>1</sourceCardinality>
<sourceEntity>657AE82B-2920-5A65-5AE5-A8809B5EBC54</sourceEntity>
<targetCardinalityString>*</targetCardinalityString>
<targetEntity>8BA1866C-B47F-6963-D621-FF37FAC8E9DC</targetEntity>
<transferable>true</transferable>
<deleteRule>NO ACTION</deleteRule>
</Relation>