<?xml version = '1.0' encoding = 'UTF-8'?>
<Diagram class="oracle.dbtools.crest.swingui.logical.DPVLogical" name="Logical" id="1A9153BC-4A72-EDA4-02E8-CFDC5B97649D">
<createdBy>rodrigo</createdBy>
<modifiedBy>rodrigo</modifiedBy>
<createdTime>2026-02-10 23:05:46 UTC</createdTime>
<autoRoute>false</autoRoute>
<boxInbox>true</boxInbox>
<showLegend>false</showLegend>
<showLabels>false</showLabels>
<showRelAttributes>false</showRelAttributes>
<gridEnabled>false</gridEnabled>
<showGrid>false</showGrid>
<diagramColor>-1</diagramColor>
<display>false</display>
<notation>1</notation>
<objectViews>
<OView class="oracle.dbtools.crest.swingui.logical.TVEntity" oid="1ED49E20-AF6C-CB16-BDA4-42A63C6E7CEB" otype="Entity" vid="29A0C116-B32E-88B1-DE8A-D26689643082">
<hideElementsInCurrentOnly>false</hideElementsInCurrentOnly>
<bounds x="580" y="98" width="92" height="58"/>
</OView>
<OView class="oracle.dbtools.crest.swingui.logical.TVEntity" oid="2D67082B-33AC-1916-290D-E87ED6494BFB" otype="Entity" vid="C402286D-9B8A-FA2B-FAFA-60581336FE61">
<hideElementsInCurrentOnly>false</hideElementsInCurrentOnly>
<bounds x="30" y="289" width="170" height="110"/>
</OView>
<OView class="oracle.dbtools.crest.swingui.logical.TVEntity" oid="657AE82B-2920-5A65-5AE5-A8809B5EBC54" otype="Entity" vid="CBBAABB1-21C1-D102-5FB8-DAD294DA5E5B">
<hideElementsInCurrentOnly>false</hideElementsInCurrentOnly>
<bounds x="24" y="23" width="170" height="110"/>
</OView>
<OView class="oracle.dbtools.crest.swingui.logical.TVEntity" oid="69341809-7A37-E741-6180-843723963D6B" otype="Entity" vid="F839B002-394C-0291-8D21-DF3C8CA38815">
<hideElementsInCurrentOnly>false</hideElementsInCurrentOnly>
<bounds x="248" y="24" width="170" height="110"/>
</OView>
<OView class="oracle.dbtools.crest.swingui.logical.TVEntity" oid="730BB425-367C-9A26-2FAA-32EE7C8ACFE9" otype="Entity" vid="AC91D756-B9AC-A1D9-403A-ACED289A763A">
<hideElementsInCurrentOnly>false</hideElementsInCurrentOnly>
<bounds x="464" y="99" width="106" height="58"/>
</OView>
<OView class="oracle.dbtools.crest.swingui.logical.TVEntity" oid="8BA1866C-B47F-6963-D621-FF37FAC8E9DC" otype="Entity" vid="A7FCB10F-5B81-C3AD-3E75-4B5851010B2A">
<hideElementsInCurrentOnly>false</hideElementsInCurrentOnly>
<bounds x="28" y="148" width="170" height="110"/>
</OView>
<OView class="oracle.dbtools.crest.swingui.logical.TVEntity" oid="9936A92E-534A-182E-6EA7-190A2330F86C" otype="Entity" vid="3F4D42DC-65A8-CCC0-6490-B137861FEF0A">
<hideElementsInCurrentOnly>false</hideElementsInCurrentOnly>
<bounds x="244" y="156" width="170" height="110"/>
</OView>
<OView class="oracle.dbtools.crest.swingui.logical.TVEntity" oid="AE214864-1ABA-1122-560E-CBDC36293DB1" otype="Entity" vid="EAE24AFB-0873-F912-1E88-726A592865A8">
<hideElementsInCurrentOnly>false</hideElementsInCurrentOnly>
<bounds x="454" y="25" width="228" height="178"/>
</OView>
<OView class="oracle.dbtools.crest.swingui.logical.TVEntity" oid="C93C7433-688B-293F-9BCE-FA3F6117347D" otype="Entity" vid="3A534801-C005-DFC6-13F5-336B805E66AD">
<hideElementsInCurrentOnly>false</hideElementsInCurrentOnly>
<bounds x="470" y="291" width="170" height="110"/>
</OView>
</objectViews>
<connectors>
<Connector class="oracle.dbtools.crest.swingui.logical.TVRelation" oid="06793E05-34D5-25E8-FCD2-D75B5F68A44F" otype="Relation" vid_source="A7FCB10F-5B81-C3AD-3E75-4B5851010B2A" vid_target="C402286D-9B8A-FA2B-FAFA-60581336FE61">
<hideElementsInCurrentOnly>false</hideElementsInCurrentOnly>
<backgroundColor>-16777216</backgroundColor>
<lineWidth>1</lineWidth>
<points>
<point x="114" y="258"/>
<point x="114" y="289"/>
</points>
</Connector>
<Connector class="oracle.dbtools.crest.swingui.logical.TVRelation" oid="18798AF6-8D63-237C-6974-239220959245" otype="Relation" vid_source="C402286D-9B8A-FA2B-FAFA-60581336FE61" vid_target="3F4D42DC-65A8-CCC0-6490-B137861FEF0A">
<hideElementsInCurrentOnly>false</hideElementsInCurrentOnly>
<backgroundColor>-16777216</backgroundColor>
<lineWidth>1</lineWidth>
<points>
<point x="200" y="291"/>
<point x="244" y="263"/>
</points>
</Connector>
<Connector class="oracle.dbtools.crest.swingui.logical.TVRelation" oid="2B9A8F04-8D90-5479-E7B5-105CD9F85BC3" otype="Relation" vid_source="F839B002-394C-0291-8D21-DF3C8CA38815" vid_target="3F4D42DC-65A8-CCC0-6490-B137861FEF0A">
<hideElementsInCurrentOnly>false</hideElementsInCurrentOnly>
<backgroundColor>-16777216</backgroundColor>
<lineWidth>1</lineWidth>
<points>
<point x="331" y="134"/>
<point x="331" y="156"/>
</points>
</Connector>
<Connector class="oracle.dbtools.crest.swingui.logical.TVInheritanceRelation" oid="363C3276-39B6-CFD1-5ACF-6AE9357BB560" otype="Hierarchy relation" vid_source="EAE24AFB-0873-F912-1E88-726A592865A8" vid_target="AC91D756-B9AC-A1D9-403A-ACED289A763A">
<hideElementsInCurrentOnly>false</hideElementsInCurrentOnly>
<backgroundColor>-65536</backgroundColor>
<lineWidth>1</lineWidth>
</Connector>
<Connector class="oracle.dbtools.crest.swingui.logical.TVInheritanceRelation" oid="70011FB5-E7DB-0848-8B62-BF6C405B6496" otype="Hierarchy relation" vid_source="EAE24AFB-0873-F912-1E88-726A592865A8" vid_target="29A0C116-B32E-88B1-DE8A-D26689643082">
<hideElementsInCurrentOnly>false</hideElementsInCurrentOnly>
<backgroundColor>-65536</backgroundColor>
<lineWidth>1</lineWidth>
</Connector>
<Connector class="oracle.dbtools.crest.swingui.logical.TVRelation" oid="B63DDD66-636A-6B2B-1EED-54D777AD0C10" otype="Relation" vid_source="CBBAABB1-21C1-D102-5FB8-DAD294DA5E5B" vid_target="A7FCB10F-5B81-C3AD-3E75-4B5851010B2A">
<hideElementsInCurrentOnly>false</hideElementsInCurrentOnly>
<backgroundColor>-16777216</backgroundColor>
<lineWidth>1</lineWidth>
<points>
<point x="111" y="133"/>
<point x="111" y="148"/>
</points>
</Connector>
</connectors>
</Diagram>