<?xml version = '1.0' encoding = 'UTF-8'?>
<FKIndexAssociation class="oracle.dbtools.crest.model.design.relational.FKIndexAssociation" directorySegmentName="seg_0" id="4F9CD786-CBEE-EA24-0E2A-B0E65EA7D6B3" containerWithKeyObject="049896D2-9A36-0B19-D593-A58DA98C583D" localFKIndex="7DBF6FA2-B5BB-562A-95C9-3816A053CBFD" name="DETALLE_VENTA_PRODUCTO_FK">
<createdBy>rodrigo</createdBy>
<createdTime>2026-02-11 00:46:29 UTC</createdTime>
<generatorID>18798AF6-8D63-237C-6974-239220959245</generatorID>
<ownerDesignName>logical</ownerDesignName>
<referredTableLongName>PRODUCTO</referredTableLongName>
<deleteRule>NO ACTION</deleteRule>
<referredTableID>28A529D4-B758-1465-0B0E-5D96E3AF0580</referredTableID>
<keyObject>E06DF93A-70AE-2622-A0FE-8904C8C8DD88</keyObject>
<referredKeyID>E06DF93A-70AE-2622-A0FE-8904C8C8DD88</referredKeyID>
<mandatory>true</mandatory>
<refColNames>codigo,SUCURSAL_id_sucursal</refColNames>
<transferable>true</transferable>
<rely>false</rely>
<columnDependencyConstraintGenerateInDDL>true</columnDependencyConstraintGenerateInDDL>
</FKIndexAssociation>
