<?xml version = '1.0' encoding = 'UTF-8'?>
<FKIndexAssociation class="oracle.dbtools.crest.model.design.relational.FKIndexAssociation" directorySegmentName="seg_0" id="9E61EA69-CDC3-BD9D-1235-272106F16474" containerWithKeyObject="28A529D4-B758-1465-0B0E-5D96E3AF0580" localFKIndex="BE62A7C6-7924-42F2-F245-4EF271CF9545" name="PRODUCTO_SUCURSAL_FK">
<createdBy>rodrigo</createdBy>
<createdTime>2026-02-11 00:46:29 UTC</createdTime>
<generatorID>06793E05-34D5-25E8-FCD2-D75B5F68A44F</generatorID>
<ownerDesignName>logical</ownerDesignName>
<referredTableLongName>SUCURSAL</referredTableLongName>
<deleteRule>NO ACTION</deleteRule>
<referredTableID>F575C8B4-7961-E26D-FD06-70C45E3E44A5</referredTableID>
<keyObject>6BDB6AE9-42C8-3542-518A-CCDAA3F285F8</keyObject>
<referredKeyID>6BDB6AE9-42C8-3542-518A-CCDAA3F285F8</referredKeyID>
<mandatory>true</mandatory>
<refColNames>id_sucursal</refColNames>
<transferable>true</transferable>
<rely>false</rely>
<columnDependencyConstraintGenerateInDDL>true</columnDependencyConstraintGenerateInDDL>
</FKIndexAssociation>
