<?xml version = '1.0' encoding = 'UTF-8'?>
<FKIndexAssociation class="oracle.dbtools.crest.model.design.relational.FKIndexAssociation" directorySegmentName="seg_0" id="A89095D3-38A6-3269-5FB0-1DFDD1EEB934" containerWithKeyObject="D6AAF0D1-974D-F112-BA5B-BE797360A3AA" localFKIndex="60AD6A65-D7FD-EEE0-158A-605DE35A6A73" name="INDIVIDUO_PROVEEDOR_FK">
<createdBy>rodrigo</createdBy>
<createdTime>2026-02-11 00:46:29 UTC</createdTime>
<generatorID>70011FB5-E7DB-0848-8B62-BF6C405B6496</generatorID>
<ownerDesignName>logical</ownerDesignName>
<referredTableLongName>PROVEEDOR</referredTableLongName>
<arc>95AE4D54-EB24-4045-938D-2B4A97AB3515</arc>
<deleteRule>NO ACTION</deleteRule>
<referredTableID>66B0A7DB-2A3B-DC6D-8D18-50FFFE05D3C9</referredTableID>
<keyObject>4A5BD38E-CA51-D98E-0EFC-DB343803909B</keyObject>
<referredKeyID>4A5BD38E-CA51-D98E-0EFC-DB343803909B</referredKeyID>
<mandatory>true</mandatory>
<refColNames>id_proveedor</refColNames>
<transferable>true</transferable>
<rely>false</rely>
<columnDependencyConstraintGenerateInDDL>true</columnDependencyConstraintGenerateInDDL>
</FKIndexAssociation>
